{
  "bill_length_mm": 4.656109808947761,
  "sex_Male": 2.226092908323847,
  "species_Chinstrap": 1.7591090177353077,
  "species_Gentoo": 2.2467319797474796
}