{
  "bill_length_mm": 4.692064780339664,
  "sex_Male": 2.230911345326946,
  "species_Chinstrap": 1.7587486305045348,
  "species_Gentoo": 2.279036000394324
}